p1,p2,x1,x2,time
2.00307,0,0,0.851357,0
2.00307,-0.00368061,0.00156436,0.851352,0.00183749
2.00306,-0.00736121,0.00312869,0.851338,0.00367498
2.00304,-0.0110418,0.00469299,0.851314,0.00551246
2.00301,-0.0147223,0.00625724,0.85128,0.00734995
2.00298,-0.0184028,0.00782142,0.851236,0.00918744
2.00295,-0.0220832,0.00938551,0.851183,0.0110249
2.0029,-0.0257636,0.0109495,0.851121,0.0128624
2.00285,-0.0294439,0.0125134,0.851049,0.0146999
2.0028,-0.033124,0.0140771,0.850967,0.0165374
2.00273,-0.0368041,0.0156406,0.850875,0.0183749
2.00266,-0.040484,0.017204,0.850774,0.0202124
2.00258,-0.0441638,0.0187672,0.850664,0.0220499
2.0025,-0.0478435,0.0203302,0.850543,0.0238873
2.00241,-0.0515229,0.0218929,0.850413,0.0257248
2.00231,-0.0552023,0.0234554,0.850274,0.0275623
2.00221,-0.0588814,0.0250177,0.850125,0.0293998
2.0021,-0.0625603,0.0265796,0.849966,0.0312373
2.00198,-0.066239,0.0281413,0.849798,0.0330748
2.00186,-0.0699175,0.0297026,0.849621,0.0349123
2.00173,-0.0735958,0.0312636,0.849434,0.0367498
2.00159,-0.0772738,0.0328242,0.849237,0.0385873
2.00145,-0.0809516,0.0343845,0.849031,0.0404247
2.0013,-0.0846291,0.0359444,0.848815,0.0422622
2.00114,-0.0883063,0.0375039,0.84859,0.0440997
2.00098,-0.0919832,0.0390629,0.848355,0.0459372
2.00081,-0.0956598,0.0406216,0.848111,0.0477747
2.00063,-0.0993361,0.0421797,0.847858,0.0496122
2.00045,-0.103012,0.0437374,0.847595,0.0514497
2.00027,-0.106688,0.0452946,0.847323,0.0532872
2.00007,-0.110363,0.0468513,0.847041,0.0551246
1.99987,-0.114038,0.0484075,0.84675,0.0569621
1.99967,-0.117713,0.0499631,0.84645,0.0587996
1.99945,-0.121387,0.0515181,0.84614,0.0606371
1.99924,-0.12506,0.0530726,0.845821,0.0624746
1.99901,-0.128734,0.0546265,0.845493,0.0643121
1.99878,-0.132407,0.0561798,0.845155,0.0661496
1.99855,-0.136079,0.0577324,0.844808,0.0679871
1.9983,-0.139751,0.0592844,0.844452,0.0698246
1.99806,-0.143423,0.0608358,0.844087,0.071662
1.9978,-0.147094,0.0623864,0.843713,0.0734995
1.99754,-0.150765,0.0639364,0.843329,0.075337
1.99728,-0.154435,0.0654856,0.842936,0.0771745
1.99701,-0.158105,0.0670341,0.842534,0.079012
1.99673,-0.161774,0.0685819,0.842123,0.0808495
1.99645,-0.165443,0.0701289,0.841703,0.082687
1.99616,-0.169111,0.0716751,0.841274,0.0845245
1.99587,-0.172779,0.0732206,0.840836,0.0863619
1.99557,-0.176446,0.0747652,0.840389,0.0881994
1.99527,-0.180112,0.076309,0.839933,0.0900369
1.99496,-0.183778,0.0778519,0.839467,0.0918744
1.99464,-0.187444,0.079394,0.838993,0.0937119
1.99433,-0.191109,0.0809352,0.83851,0.0955494
1.994,-0.194773,0.0824755,0.838019,0.0973869
1.99367,-0.198436,0.0840149,0.837518,0.0992244
1.99334,-0.202099,0.0855533,0.837008,0.101062
1.993,-0.205762,0.0870909,0.83649,0.102899
1.99265,-0.209424,0.0886274,0.835963,0.104737
1.9923,-0.213085,0.090163,0.835427,0.106574
1.99195,-0.216745,0.0916976,0.834882,0.108412
1.99159,-0.220405,0.0932312,0.834329,0.110249
1.99123,-0.224064,0.0947637,0.833767,0.112087
1.99086,-0.227723,0.0962952,0.833196,0.113924
1.99049,-0.231381,0.0978257,0.832617,0.115762
1.99011,-0.235038,0.0993551,0.832029,0.117599
1.98973,-0.238694,0.100883,0.831432,0.119437
1.98934,-0.24235,0.102411,0.830827,0.121274
1.98895,-0.246005,0.103937,0.830213,0.123112
1.98856,-0.249659,0.105462,0.829591,0.124949
1.98816,-0.253313,0.106985,0.828961,0.126787
1.98776,-0.256966,0.108508,0.828322,0.128624
1.98735,-0.260618,0.110029,0.827674,0.130462
1.98694,-0.264269,0.11155,0.827019,0.132299
1.98652,-0.26792,0.113069,0.826354,0.134137
1.9861,-0.27157,0.114586,0.825682,0.135974
1.98568,-0.275219,0.116103,0.825001,0.137812
1.98525,-0.278867,0.117618,0.824312,0.139649
1.98482,-0.282515,0.119132,0.823615,0.141487
1.98439,-0.286161,0.120645,0.822909,0.143324
1.98395,-0.289807,0.122157,0.822195,0.145162
1.98351,-0.293452,0.123667,0.821473,0.146999
1.98306,-0.297097,0.125175,0.820743,0.148837
1.98262,-0.30074,0.126683,0.820005,0.150674
1.98216,-0.304383,0.128189,0.819259,0.152512
1.98171,-0.308024,0.129694,0.818504,0.154349
1.98125,-0.311665,0.131197,0.817742,0.156186
1.98079,-0.315305,0.132699,0.816971,0.158024
1.98032,-0.318945,0.134199,0.816193,0.159861
1.97985,-0.322583,0.135698,0.815406,0.161699
1.97938,-0.326221,0.137196,0.814612,0.163536
1.97891,-0.329857,0.138692,0.81381,0.165374
1.97843,-0.333493,0.140187,0.813,0.167211
1.97795,-0.337128,0.14168,0.812182,0.169049
1.97747,-0.340762,0.143171,0.811356,0.170886
1.97698,-0.344395,0.144661,0.810522,0.172724
1.97649,-0.348027,0.14615,0.809681,0.174561
1.976,-0.351659,0.147637,0.808832,0.176399
1.97551,-0.355289,0.149122,0.807975,0.178236
1.97501,-0.358919,0.150606,0.80711,0.180074
1.97451,-0.362547,0.152088,0.806238,0.181911
1.97401,-0.366175,0.153569,0.805358,0.183749
1.97351,-0.369802,0.155048,0.804471,0.185586
1.973,-0.373427,0.156526,0.803575,0.187424
1.97249,-0.377052,0.158001,0.802673,0.189261
1.97198,-0.380676,0.159475,0.801762,0.191099
1.97147,-0.384299,0.160948,0.800845,0.192936
1.97095,-0.387921,0.162418,0.799919,0.194774
1.97043,-0.391543,0.163887,0.798986,0.196611
1.96991,-0.395163,0.165355,0.798046,0.198449
1.96939,-0.398782,0.16682,0.797098,0.200286
1.96887,-0.4024,0.168284,0.796143,0.202124
1.96834,-0.406017,0.169746,0.795181,0.203961
1.96781,-0.409634,0.171206,0.794211,0.205799
1.96729,-0.413249,0.172665,0.793233,0.207636
1.96675,-0.416864,0.174121,0.792249,0.209474
1.96622,-0.420477,0.175576,0.791257,0.211311
1.96569,-0.424089,0.177029,0.790258,0.213149
1.96515,-0.427701,0.17848,0.789251,0.214986
1.96461,-0.431311,0.17993,0.788237,0.216824
1.96407,-0.434921,0.181377,0.787216,0.218661
1.96353,-0.438529,0.182823,0.786188,0.220499
1.96299,-0.442137,0.184266,0.785153,0.222336
1.96244,-0.445743,0.185708,0.78411,0.224174
1.9619,-0.449349,0.187148,0.783061,0.226011
1.96135,-0.452953,0.188586,0.782004,0.227849
1.9608,-0.456556,0.190022,0.78094,0.229686
1.96025,-0.460159,0.191456,0.779869,0.231524
1.9597,-0.46376,0.192888,0.778791,0.233361
1.95915,-0.467361,0.194318,0.777706,0.235198
1.9586,-0.47096,0.195746,0.776614,0.237036
1.95804,-0.474559,0.197172,0.775515,0.238873
1.95749,-0.478156,0.198596,0.774409,0.240711
1.95693,-0.481752,0.200018,0.773296,0.242548
1.95637,-0.485348,0.201438,0.772176,0.244386
1.95581,-0.488942,0.202855,0.771049,0.246223
1.95525,-0.492535,0.204271,0.769915,0.248061
1.95469,-0.496127,0.205685,0.768774,0.249898
1.95413,-0.499719,0.207096,0.767627,0.251736
1.95357,-0.503309,0.208506,0.766472,0.253573
1.95301,-0.506898,0.209913,0.765311,0.255411
1.95244,-0.510486,0.211318,0.764143,0.257248
1.95188,-0.514073,0.212721,0.762968,0.259086
1.95131,-0.517659,0.214122,0.761786,0.260923
1.95075,-0.521244,0.215521,0.760597,0.262761
1.95018,-0.524828,0.216917,0.759402,0.264598
1.94961,-0.528411,0.218312,0.7582,0.266436
1.94905,-0.531993,0.219704,0.756991,0.268273
1.94848,-0.535574,0.221094,0.755775,0.270111
1.94791,-0.539154,0.222481,0.754553,0.271948
1.94734,-0.542732,0.223867,0.753324,0.273786
1.94677,-0.54631,0.22525,0.752089,0.275623
1.9462,-0.549887,0.226631,0.750846,0.277461
1.94563,-0.553462,0.228009,0.749597,0.279298
1.94506,-0.557037,0.229385,0.748342,0.281136
1.94448,-0.56061,0.230759,0.74708,0.282973
1.94391,-0.564183,0.232131,0.745811,0.284811
1.94334,-0.567754,0.2335,0.744536,0.286648
1.94277,-0.571324,0.234867,0.743254,0.288486
1.94219,-0.574894,0.236231,0.741965,0.290323
1.94162,-0.578462,0.237594,0.74067,0.292161
1.94105,-0.582029,0.238953,0.739368,0.293998
1.94047,-0.585595,0.240311,0.73806,0.295836
1.9399,-0.58916,0.241666,0.736746,0.297673
1.93933,-0.592724,0.243018,0.735425,0.299511
1.93875,-0.596287,0.244368,0.734097,0.301348
1.93818,-0.599849,0.245716,0.732763,0.303186
1.93761,-0.60341,0.247061,0.731422,0.305023
1.93703,-0.60697,0.248404,0.730075,0.306861
1.93646,-0.610529,0.249744,0.728722,0.308698
1.93588,-0.614086,0.251082,0.727362,0.310536
1.93531,-0.617643,0.252417,0.725995,0.312373
1.93473,-0.621198,0.25375,0.724623,0.31421
1.93416,-0.624753,0.25508,0.723243,0.316048
1.93359,-0.628306,0.256408,0.721858,0.317885
1.93301,-0.631859,0.257733,0.720466,0.319723
1.93244,-0.63541,0.259056,0.719068,0.32156
1.93187,-0.638961,0.260376,0.717663,0.323398
1.93129,-0.64251,0.261693,0.716252,0.325235
1.93072,-0.646058,0.263008,0.714835,0.327073
1.93015,-0.649605,0.26432,0.713411,0.32891
1.92957,-0.653151,0.26563,0.711981,0.330748
1.929,-0.656696,0.266937,0.710545,0.332585
1.92843,-0.66024,0.268241,0.709102,0.334423
1.92785,-0.663783,0.269542,0.707653,0.33626
1.92728,-0.667325,0.270841,0.706198,0.338098
1.92671,-0.670866,0.272138,0.704737,0.339935
1.92614,-0.674406,0.273431,0.703269,0.341773
1.92557,-0.677944,0.274722,0.701795,0.34361
1.925,-0.681482,0.27601,0.700315,0.345448
1.92443,-0.685019,0.277296,0.698829,0.347285
1.92386,-0.688554,0.278579,0.697336,0.349123
1.92329,-0.692089,0.279859,0.695837,0.35096
1.92272,-0.695622,0.281136,0.694332,0.352798
1.92215,-0.699155,0.28241,0.692821,0.354635
1.92158,-0.702686,0.283682,0.691303,0.356473
1.92101,-0.706217,0.284951,0.689779,0.35831
1.92045,-0.709746,0.286217,0.688249,0.360148
1.91988,-0.713274,0.28748,0.686713,0.361985
1.91931,-0.716801,0.28874,0.685171,0.363823
1.91874,-0.720328,0.289998,0.683623,0.36566
1.91818,-0.723853,0.291253,0.682068,0.367498
1.91761,-0.727377,0.292505,0.680508,0.369335
1.91705,-0.7309,0.293754,0.678941,0.371173
1.91648,-0.734422,0.295,0.677368,0.37301
1.91592,-0.737943,0.296243,0.675789,0.374848
1.91536,-0.741463,0.297483,0.674203,0.376685
1.9148,-0.744982,0.298721,0.672612,0.378523
1.91423,-0.7485,0.299955,0.671015,0.38036
1.91367,-0.752017,0.301187,0.669411,0.382198
1.91311,-0.755532,0.302415,0.667801,0.384035
1.91255,-0.759047,0.303641,0.666186,0.385873
1.91199,-0.762561,0.304863,0.664564,0.38771
1.91143,-0.766074,0.306083,0.662936,0.389547
1.91087,-0.769586,0.3073,0.661302,0.391385
1.91032,-0.773096,0.308513,0.659662,0.393222
1.90976,-0.776606,0.309724,0.658016,0.39506
1.9092,-0.780115,0.310931,0.656364,0.396897
1.90865,-0.783622,0.312136,0.654706,0.398735
1.90809,-0.787129,0.313337,0.653041,0.400572
1.90754,-0.790634,0.314536,0.651371,0.40241
1.90698,-0.794139,0.315731,0.649695,0.404247
1.90643,-0.797642,0.316923,0.648012,0.406085
1.90588,-0.801145,0.318113,0.646324,0.407922
1.90532,-0.804647,0.319299,0.64463,0.40976
1.90477,-0.808147,0.320482,0.642929,0.411597
1.90422,-0.811647,0.321661,0.641223,0.413435
1.90367,-0.815145,0.322838,0.63951,0.415272
1.90312,-0.818642,0.324012,0.637792,0.41711
1.90257,-0.822139,0.325182,0.636068,0.418947
1.90203,-0.825634,0.326349,0.634337,0.420785
1.90148,-0.829129,0.327513,0.632601,0.422622
1.90093,-0.832622,0.328674,0.630859,0.42446
1.90039,-0.836115,0.329831,0.62911,0.426297
1.89984,-0.839606,0.330986,0.627356,0.428135
1.8993,-0.843097,0.332137,0.625596,0.429972
1.89876,-0.846586,0.333285,0.623829,0.43181
1.89822,-0.850074,0.33443,0.622057,0.433647
1.89767,-0.853562,0.335571,0.620279,0.435485
1.89713,-0.857048,0.336709,0.618495,0.437322
1.89659,-0.860534,0.337844,0.616705,0.43916
1.89605,-0.864018,0.338975,0.614909,0.440997
1.89552,-0.867502,0.340104,0.613107,0.442835
1.89498,-0.870984,0.341229,0.611299,0.444672
1.89444,-0.874466,0.34235,0.609485,0.44651
1.89391,-0.877946,0.343468,0.607665,0.448347
1.89337,-0.881426,0.344583,0.605839,0.450185
1.89284,-0.884904,0.345695,0.604008,0.452022
1.8923,-0.888382,0.346803,0.60217,0.45386
1.89177,-0.891859,0.347908,0.600327,0.455697
1.89124,-0.895334,0.349009,0.598477,0.457535
1.89071,-0.898809,0.350107,0.596622,0.459372
1.89018,-0.902283,0.351202,0.594761,0.46121
1.88965,-0.905755,0.352293,0.592894,0.463047
1.88912,-0.909227,0.353381,0.591021,0.464885
1.88859,-0.912698,0.354465,0.589142,0.466722
1.88806,-0.916167,0.355546,0.587257,0.468559
1.88754,-0.919636,0.356623,0.585366,0.470397
1.88701,-0.923104,0.357697,0.58347,0.472234
1.88649,-0.926571,0.358767,0.581567,0.474072
1.88596,-0.930037,0.359834,0.579659,0.475909
1.88544,-0.933502,0.360898,0.577745,0.477747
1.88492,-0.936966,0.361957,0.575825,0.479584
1.8844,-0.940429,0.363014,0.573899,0.481422
1.88388,-0.943891,0.364066,0.571967,0.483259
1.88336,-0.947352,0.365116,0.570029,0.485097
1.88284,-0.950812,0.366161,0.568085,0.486934
1.88232,-0.954272,0.367203,0.566136,0.488772
1.88181,-0.95773,0.368242,0.564181,0.490609
1.88129,-0.961187,0.369277,0.562219,0.492447
1.88078,-0.964643,0.370308,0.560252,0.494284
1.88026,-0.968099,0.371336,0.558279,0.496122
1.87975,-0.971553,0.37236,0.556301,0.497959
1.87924,-0.975007,0.37338,0.554316,0.499797
1.87873,-0.97846,0.374397,0.552325,0.501634
1.87822,-0.981911,0.37541,0.550329,0.503472
1.87771,-0.985362,0.376419,0.548327,0.505309
1.8772,-0.988812,0.377425,0.546319,0.507147
1.87669,-0.992261,0.378427,0.544305,0.508984
1.87618,-0.995709,0.379425,0.542285,0.510822
1.87568,-0.999156,0.38042,0.54026,0.512659
1.87517,-1.0026,0.381411,0.538228,0.514497
1.87467,-1.00605,0.382398,0.536191,0.516334
1.87416,-1.00949,0.383381,0.534148,0.518172
1.87366,-1.01293,0.384361,0.532099,0.520009
1.87316,-1.01638,0.385337,0.530045,0.521847
1.87266,-1.01982,0.386309,0.527984,0.523684
1.87216,-1.02326,0.387277,0.525918,0.525522
1.87166,-1.0267,0.388241,0.523846,0.527359
1.87116,-1.03014,0.389202,0.521768,0.529197
1.87066,-1.03357,0.390159,0.519684,0.531034
1.87017,-1.03701,0.391112,0.517594,0.532872
1.86967,-1.04045,0.392061,0.515499,0.534709
1.86918,-1.04388,0.393006,0.513397,0.536547
1.86868,-1.04732,0.393948,0.51129,0.538384
1.86819,-1.05075,0.394885,0.509177,0.540222
1.8677,-1.05418,0.395819,0.507059,0.542059
1.86721,-1.05761,0.396749,0.504934,0.543897
1.86672,-1.06104,0.397674,0.502804,0.545734
1.86623,-1.06447,0.398596,0.500668,0.547571
1.86574,-1.0679,0.399514,0.498526,0.549409
1.86525,-1.07133,0.400428,0.496378,0.551246
1.86477,-1.07476,0.401339,0.494225,0.553084
1.86428,-1.07818,0.402245,0.492065,0.554921
1.8638,-1.08161,0.403147,0.4899,0.556759
1.86331,-1.08503,0.404045,0.487729,0.558596
1.86283,-1.08846,0.404939,0.485553,0.560434
1.86235,-1.09188,0.40583,0.48337,0.562271
1.86187,-1.0953,0.406716,0.481182,0.564109
1.86138,-1.09872,0.407598,0.478988,0.565946
1.86091,-1.10214,0.408476,0.476788,0.567784
1.86043,-1.10556,0.40935,0.474583,0.569621
1.85995,-1.10898,0.41022,0.472371,0.571459
1.85947,-1.11239,0.411086,0.470154,0.573296
1.859,-1.11581,0.411948,0.467931,0.575134
1.85852,-1.11923,0.412806,0.465702,0.576971
1.85805,-1.12264,0.413659,0.463468,0.578809
1.85757,-1.12606,0.414509,0.461227,0.580646
1.8571,-1.12947,0.415354,0.458981,0.582484
1.85663,-1.13288,0.416196,0.456729,0.584321
1.85616,-1.13629,0.417033,0.454472,0.586159
1.85569,-1.1397,0.417866,0.452208,0.587996
1.85522,-1.14311,0.418695,0.449939,0.589834
1.85475,-1.14652,0.419519,0.447664,0.591671
1.85428,-1.14993,0.42034,0.445383,0.593509
1.85382,-1.15333,0.421156,0.443097,0.595346
1.85335,-1.15674,0.421968,0.440805,0.597184
1.85289,-1.16014,0.422776,0.438507,0.599021
1.85242,-1.16355,0.42358,0.436203,0.600859
1.85196,-1.16695,0.424379,0.433893,0.602696
1.8515,-1.17035,0.425174,0.431578,0.604534
1.85104,-1.17376,0.425965,0.429257,0.606371
1.85058,-1.17716,0.426752,0.42693,0.608209
1.85012,-1.18056,0.427534,0.424597,0.610046
1.84966,-1.18396,0.428312,0.422259,0.611884
1.8492,-1.18735,0.429086,0.419915,0.613721
1.84874,-1.19075,0.429855,0.417565,0.615559
1.84829,-1.19415,0.43062,0.415209,0.617396
1.84783,-1.19754,0.431381,0.412848,0.619234
1.84738,-1.20094,0.432138,0.41048,0.621071
1.84692,-1.20433,0.43289,0.408108,0.622909
1.84647,-1.20773,0.433637,0.405729,0.624746
1.84602,-1.21112,0.434381,0.403344,0.626583
1.84557,-1.21451,0.43512,0.400954,0.628421
1.84512,-1.2179,0.435854,0.398558,0.630258
1.84467,-1.22129,0.436584,0.396157,0.632096
1.84422,-1.22468,0.43731,0.393749,0.633933
1.84377,-1.22807,0.438031,0.391336,0.635771
1.84333,-1.23146,0.438748,0.388917,0.637608
1.84288,-1.23484,0.439461,0.386492,0.639446
1.84244,-1.23823,0.440168,0.384062,0.641283
1.84199,-1.24161,0.440872,0.381626,0.643121
1.84155,-1.245,0.441571,0.379184,0.644958
1.84111,-1.24838,0.442265,0.376736,0.646796
1.84066,-1.25176,0.442955,0.374283,0.648633
1.84022,-1.25515,0.443641,0.371824,0.650471
1.83978,-1.25853,0.444322,0.369359,0.652308
1.83934,-1.26191,0.444998,0.366888,0.654146
1.83891,-1.26529,0.44567,0.364412,0.655983
1.83847,-1.26867,0.446338,0.361929,0.657821
1.83803,-1.27204,0.447,0.359442,0.659658
1.83759,-1.27542,0.447658,0.356948,0.661496
1.83716,-1.2788,0.448312,0.354449,0.663333
1.83673,-1.28217,0.448961,0.351944,0.665171
1.83629,-1.28555,0.449605,0.349433,0.667008
1.83586,-1.28892,0.450245,0.346916,0.668846
1.83543,-1.29229,0.45088,0.344394,0.670683
1.835,-1.29567,0.451511,0.341866,0.672521
1.83457,-1.29904,0.452137,0.339332,0.674358
1.83414,-1.30241,0.452758,0.336793,0.676196
1.83371,-1.30578,0.453374,0.334248,0.678033
1.83328,-1.30915,0.453986,0.331697,0.679871
1.83285,-1.31251,0.454593,0.32914,0.681708
1.83243,-1.31588,0.455196,0.326578,0.683546
1.832,-1.31925,0.455793,0.32401,0.685383
1.83158,-1.32261,0.456386,0.321436,0.687221
1.83115,-1.32598,0.456975,0.318856,0.689058
1.83073,-1.32934,0.457558,0.316271,0.690896
1.83031,-1.33271,0.458137,0.31368,0.692733
1.82988,-1.33607,0.458711,0.311083,0.694571
1.82946,-1.33943,0.45928,0.308481,0.696408
1.82904,-1.34279,0.459845,0.305872,0.698246
1.82862,-1.34615,0.460404,0.303259,0.700083
1.82821,-1.34951,0.460959,0.300639,0.70192
1.82779,-1.35287,0.461509,0.298013,0.703758
1.82737,-1.35623,0.462054,0.295382,0.705595
1.82696,-1.35959,0.462595,0.292746,0.707433
1.82654,-1.36294,0.46313,0.290103,0.70927
1.82613,-1.3663,0.463661,0.287455,0.711108
1.82571,-1.36966,0.464187,0.284801,0.712945
1.8253,-1.37301,0.464707,0.282141,0.714783
1.82489,-1.37636,0.465223,0.279476,0.71662
1.82448,-1.37972,0.465735,0.276805,0.718458
1.82406,-1.38307,0.466241,0.274128,0.720295
1.82365,-1.38642,0.466742,0.271445,0.722133
1.82325,-1.38977,0.467238,0.268757,0.72397
1.82284,-1.39312,0.46773,0.266063,0.725808
1.82243,-1.39647,0.468216,0.263363,0.727645
1.82202,-1.39982,0.468697,0.260658,0.729483
1.82162,-1.40316,0.469174,0.257947,0.73132
1.82121,-1.40651,0.469645,0.25523,0.733158
1.82081,-1.40986,0.470112,0.252507,0.734995
1.8204,-1.4132,0.470573,0.249779,0.736833
1.82,-1.41655,0.47103,0.247045,0.73867
1.8196,-1.41989,0.471481,0.244305,0.740508
1.81919,-1.42323,0.471928,0.24156,0.742345
1.81879,-1.42658,0.472369,0.238809,0.744183
1.81839,-1.42992,0.472805,0.236052,0.74602
1.81799,-1.43326,0.473236,0.23329,0.747858
1.8176,-1.4366,0.473663,0.230521,0.749695
1.8172,-1.43994,0.474084,0.227747,0.751533
1.8168,-1.44328,0.4745,0.224968,0.75337
1.8164,-1.44662,0.47491,0.222182,0.755208
1.81601,-1.44995,0.475316,0.219391,0.757045
1.81561,-1.45329,0.475717,0.216595,0.758883
1.81522,-1.45663,0.476112,0.213792,0.76072
1.81482,-1.45996,0.476502,0.210984,0.762558
1.81443,-1.4633,0.476887,0.20817,0.764395
1.81404,-1.46663,0.477267,0.20535,0.766233
1.81365,-1.46996,0.477642,0.202525,0.76807
1.81326,-1.47329,0.478012,0.199694,0.769908
1.81287,-1.47663,0.478376,0.196857,0.771745
1.81248,-1.47996,0.478735,0.194015,0.773583
1.81209,-1.48329,0.479089,0.191167,0.77542
1.8117,-1.48662,0.479438,0.188313,0.777258
1.81131,-1.48994,0.479781,0.185454,0.779095
1.81093,-1.49327,0.480119,0.182589,0.780932
1.81054,-1.4966,0.480452,0.179718,0.78277
1.81016,-1.49993,0.48078,0.176841,0.784607
1.80977,-1.50325,0.481102,0.173959,0.786445
1.80939,-1.50658,0.481419,0.171071,0.788282
1.809,-1.5099,0.48173,0.168177,0.79012
1.80862,-1.51322,0.482037,0.165278,0.791957
1.80824,-1.51655,0.482338,0.162373,0.793795
1.80786,-1.51987,0.482634,0.159462,0.795632
1.80748,-1.52319,0.482924,0.156545,0.79747
1.8071,-1.52651,0.483209,0.153623,0.799307
1.80672,-1.52983,0.483488,0.150695,0.801145
1.80634,-1.53315,0.483763,0.147762,0.802982
1.80596,-1.53647,0.484031,0.144823,0.80482
1.80559,-1.53979,0.484295,0.141878,0.806657
1.80521,-1.54311,0.484553,0.138927,0.808495
1.80484,-1.54642,0.484805,0.135971,0.810332
1.80446,-1.54974,0.485053,0.133009,0.81217
1.80409,-1.55305,0.485294,0.130041,0.814007
1.80371,-1.55637,0.48553,0.127068,0.815845
1.80334,-1.55968,0.485761,0.124088,0.817682
1.80297,-1.563,0.485986,0.121104,0.81952
1.8026,-1.56631,0.486206,0.118113,0.821357
1.80223,-1.56962,0.486421,0.115117,0.823195
1.80186,-1.57293,0.486629,0.112115,0.825032
1.80149,-1.57624,0.486833,0.109108,0.82687
1.80112,-1.57955,0.48703,0.106095,0.828707
1.80075,-1.58286,0.487222,0.103076,0.830545
1.80038,-1.58617,0.487409,0.100051,0.832382
1.80001,-1.58948,0.48759,0.0970208,0.83422
1.79965,-1.59278,0.487766,0.0939848,0.836057
1.79928,-1.59609,0.487936,0.0909432,0.837895
1.79892,-1.5994,0.4881,0.0878958,0.839732
1.79855,-1.6027,0.488259,0.0848428,0.84157
1.79819,-1.60601,0.488412,0.0817841,0.843407
1.79783,-1.60931,0.488559,0.0787197,0.845245
1.79746,-1.61261,0.488701,0.0756497,0.847082
1.7971,-1.61592,0.488837,0.0725739,0.84892
1.79674,-1.61922,0.488968,0.0694925,0.850757
1.79638,-1.62252,0.489092,0.0664054,0.852595
1.79602,-1.62582,0.489212,0.0633126,0.854432
1.79566,-1.62912,0.489325,0.0602142,0.85627
1.7953,-1.63242,0.489433,0.05711,0.858107
1.79494,-1.63572,0.489535,0.0540002,0.859944
1.79459,-1.63902,0.489631,0.0508847,0.861782
1.79423,-1.64231,0.489722,0.0477635,0.863619
1.79387,-1.64561,0.489807,0.0446366,0.865457
1.79352,-1.6489,0.489886,0.0415041,0.867294
1.79316,-1.6522,0.489959,0.0383659,0.869132
1.79281,-1.65549,0.490027,0.035222,0.870969
1.79246,-1.65879,0.490089,0.0320724,0.872807
1.7921,-1.66208,0.490145,0.0289172,0.874644
1.79175,-1.66537,0.490195,0.0257563,0.876482
1.7914,-1.66867,0.49024,0.0225897,0.878319
1.79105,-1.67196,0.490278,0.0194174,0.880157
1.7907,-1.67525,0.490311,0.0162394,0.881994
1.79035,-1.67854,0.490338,0.0130558,0.883832
1.79,-1.68183,0.490359,0.00986654,0.885669
1.78965,-1.68512,0.490374,0.00667157,0.887507
1.7893,-1.68841,0.490383,0.00347093,0.889344
1.78895,-1.69169,0.490387,0.000264626,0.891182
1.78861,-1.69498,0.490384,-0.00294735,0.893019
1.78826,-1.69827,0.490376,-0.00616501,0.894857
1.78791,-1.70155,0.490362,-0.00938833,0.896694
1.78757,-1.70484,0.490341,-0.0126173,0.898532
1.78722,-1.70812,0.490315,-0.015852,0.900369
1.78688,-1.7114,0.490283,-0.0190923,0.902207
1.78654,-1.71469,0.490245,-0.0223383,0.904044
1.78619,-1.71797,0.490201,-0.02559,0.905882
1.78585,-1.72125,0.490151,-0.0288473,0.907719
1.78551,-1.72453,0.490095,-0.0321103,0.909557
1.78517,-1.72781,0.490033,-0.035379,0.911394
1.78483,-1.73109,0.489965,-0.0386533,0.913232
1.78449,-1.73437,0.489891,-0.0419333,0.915069
1.78415,-1.73765,0.489811,-0.045219,0.916907
1.78381,-1.74093,0.489725,-0.0485103,0.918744
1.78347,-1.74421,0.489633,-0.0518073,0.920582
1.78313,-1.74748,0.489534,-0.05511,0.922419
1.7828,-1.75076,0.48943,-0.0584183,0.924257
1.78246,-1.75404,0.48932,-0.0617323,0.926094
1.78212,-1.75731,0.489203,-0.065052,0.927932
1.78179,-1.76058,0.489081,-0.0683773,0.929769
1.78145,-1.76386,0.488952,-0.0717083,0.931607
1.78112,-1.76713,0.488817,-0.0750449,0.933444
1.78079,-1.7704,0.488676,-0.0783872,0.935281
1.78045,-1.77368,0.488529,-0.0817352,0.937119
1.78012,-1.77695,0.488376,-0.0850888,0.938956
1.77979,-1.78022,0.488216,-0.0884481,0.940794
1.77946,-1.78349,0.488051,-0.091813,0.942631
1.77913,-1.78676,0.487879,-0.0951836,0.944469
1.77879,-1.79003,0.487701,-0.0985599,0.946306
1.77846,-1.79329,0.487517,-0.101942,0.948144
1.77814,-1.79656,0.487326,-0.105329,0.949981
1.77781,-1.79983,0.48713,-0.108723,0.951819
1.77748,-1.80309,0.486927,-0.112122,0.953656
1.77715,-1.80636,0.486718,-0.115526,0.955494
1.77682,-1.80963,0.486502,-0.118936,0.957331
1.7765,-1.81289,0.486281,-0.122352,0.959169
1.77617,-1.81615,0.486053,-0.125774,0.961006
1.77585,-1.81942,0.485818,-0.129201,0.962844
1.77552,-1.82268,0.485578,-0.132634,0.964681
1.7752,-1.82594,0.485331,-0.136072,0.966519
1.77487,-1.8292,0.485078,-0.139516,0.968356
1.77455,-1.83247,0.484818,-0.142966,0.970194
1.77423,-1.83573,0.484552,-0.146421,0.972031
1.7739,-1.83899,0.48428,-0.149883,0.973869
1.77358,-1.84224,0.484001,-0.153349,0.975706
1.77326,-1.8455,0.483717,-0.156822,0.977544
1.77294,-1.84876,0.483425,-0.1603,0.979381
1.77262,-1.85202,0.483127,-0.163783,0.981219
1.7723,-1.85528,0.482823,-0.167273,0.983056
1.77198,-1.85853,0.482513,-0.170768,0.984894
1.77166,-1.86179,0.482196,-0.174268,0.986731
1.77134,-1.86504,0.481872,-0.177775,0.988569
1.77103,-1.8683,0.481542,-0.181287,0.990406
1.77071,-1.87155,0.481206,-0.184804,0.992244
1.77039,-1.8748,0.480863,-0.188327,0.994081
1.77008,-1.87806,0.480514,-0.191856,0.995919
1.76976,-1.88131,0.480158,-0.195391,0.997756
1.76945,-1.88456,0.479796,-0.198931,0.999594
1.76913,-1.88781,0.479427,-0.202477,1.00143
1.76882,-1.89106,0.479052,-0.206028,1.00327
1.76851,-1.89431,0.47867,-0.209585,1.00511
1.76819,-1.89756,0.478282,-0.213148,1.00694
1.76788,-1.90081,0.477887,-0.216717,1.00878
1.76757,-1.90406,0.477485,-0.220291,1.01062
1.76726,-1.90731,0.477077,-0.22387,1.01246
1.76695,-1.91055,0.476662,-0.227456,1.01429
1.76663,-1.9138,0.476241,-0.231047,1.01613
1.76632,-1.91705,0.475813,-0.234643,1.01797
1.76602,-1.92029,0.475379,-0.238245,1.01981
1.76571,-1.92354,0.474938,-0.241853,1.02164
1.7654,-1.92678,0.47449,-0.245467,1.02348
1.76509,-1.93002,0.474036,-0.249086,1.02532
1.76478,-1.93327,0.473575,-0.252711,1.02716
1.76448,-1.93651,0.473107,-0.256341,1.02899
1.76417,-1.93975,0.472633,-0.259977,1.03083
1.76386,-1.94299,0.472152,-0.263619,1.03267
1.76356,-1.94623,0.471664,-0.267266,1.03451
1.76325,-1.94947,0.471169,-0.270919,1.03634
1.76295,-1.95271,0.470668,-0.274578,1.03818
1.76264,-1.95595,0.47016,-0.278242,1.04002
1.76234,-1.95919,0.469646,-0.281912,1.04186
1.76204,-1.96243,0.469124,-0.285588,1.04369
1.76173,-1.96567,0.468596,-0.289269,1.04553
1.76143,-1.9689,0.468061,-0.292956,1.04737
1.76113,-1.97214,0.467519,-0.296648,1.04921
1.76083,-1.97538,0.466971,-0.300346,1.05104
1.76053,-1.97861,0.466416,-0.30405,1.05288
1.76023,-1.98185,0.465854,-0.307759,1.05472
1.75993,-1.98508,0.465285,-0.311474,1.05656
1.75963,-1.98831,0.464709,-0.315195,1.05839
1.75933,-1.99155,0.464126,-0.318921,1.06023
1.75903,-1.99478,0.463537,-0.322653,1.06207
1.75873,-1.99801,0.462941,-0.32639,1.06391
1.75844,-2.00124,0.462337,-0.330134,1.06574
1.75814,-2.00447,0.461727,-0.333882,1.06758
1.75784,-2.0077,0.46111,-0.337637,1.06942
1.75755,-2.01093,0.460487,-0.341397,1.07126
1.75725,-2.01416,0.459856,-0.345162,1.07309
1.75695,-2.01739,0.459218,-0.348934,1.07493
1.75666,-2.02062,0.458573,-0.35271,1.07677
1.75637,-2.02385,0.457922,-0.356493,1.07861
1.75607,-2.02707,0.457263,-0.360281,1.08044
1.75578,-2.0303,0.456598,-0.364075,1.08228
1.75549,-2.03353,0.455925,-0.367874,1.08412
1.75519,-2.03675,0.455246,-0.371679,1.08596
1.7549,-2.03998,0.454559,-0.37549,1.08779
1.75461,-2.0432,0.453866,-0.379306,1.08963
1.75432,-2.04642,0.453166,-0.383128,1.09147
1.75403,-2.04965,0.452458,-0.386956,1.09331
1.75374,-2.05287,0.451743,-0.390789,1.09514
1.75345,-2.05609,0.451022,-0.394628,1.09698
1.75316,-2.05931,0.450293,-0.398472,1.09882
1.75287,-2.06254,0.449558,-0.402322,1.10066
1.75258,-2.06576,0.448815,-0.406178,1.10249
1.75229,-2.06898,0.448065,-0.410039,1.10433
1.75201,-2.0722,0.447308,-0.413906,1.10617
1.75172,-2.07541,0.446544,-0.417778,1.10801
1.75143,-2.07863,0.445772,-0.421656,1.10984
1.75114,-2.08185,0.444994,-0.42554,1.11168
1.75086,-2.08507,0.444209,-0.429429,1.11352
1.75057,-2.08829,0.443416,-0.433324,1.11536
1.75029,-2.0915,0.442616,-0.437225,1.11719
1.75,-2.09472,0.441809,-0.441131,1.11903
1.74972,-2.09793,0.440995,-0.445043,1.12087
1.74944,-2.10115,0.440174,-0.44896,1.12271
1.74915,-2.10436,0.439345,-0.452883,1.12454
1.74887,-2.10758,0.438509,-0.456812,1.12638
1.74859,-2.11079,0.437666,-0.460746,1.12822
1.74831,-2.114,0.436816,-0.464686,1.13006
1.74802,-2.11721,0.435959,-0.468632,1.13189
1.74774,-2.12043,0.435094,-0.472583,1.13373
1.74746,-2.12364,0.434222,-0.476539,1.13557
1.74718,-2.12685,0.433343,-0.480502,1.13741
1.7469,-2.13006,0.432456,-0.48447,1.13924
1.74662,-2.13327,0.431562,-0.488443,1.14108
1.74634,-2.13648,0.430661,-0.492422,1.14292
1.74606,-2.13969,0.429753,-0.496407,1.14476
1.74579,-2.14289,0.428837,-0.500398,1.14659
1.74551,-2.1461,0.427914,-0.504394,1.14843
1.74523,-2.14931,0.426983,-0.508395,1.15027
1.74495,-2.15251,0.426045,-0.512402,1.15211
1.74468,-2.15572,0.4251,-0.516415,1.15394
1.7444,-2.15893,0.424147,-0.520434,1.15578
1.74412,-2.16213,0.423187,-0.524458,1.15762
1.74385,-2.16534,0.42222,-0.528487,1.15946
1.74357,-2.16854,0.421245,-0.532523,1.16129
1.7433,-2.17174,0.420263,-0.536563,1.16313
1.74303,-2.17495,0.419273,-0.54061,1.16497
1.74275,-2.17815,0.418276,-0.544662,1.16681
1.74248,-2.18135,0.417272,-0.54872,1.16864
1.74221,-2.18455,0.41626,-0.552783,1.17048
1.74193,-2.18775,0.41524,-0.556852,1.17232
1.74166,-2.19095,0.414213,-0.560926,1.17415
1.74139,-2.19415,0.413179,-0.565006,1.17599
1.74112,-2.19735,0.412137,-0.569092,1.17783
1.74085,-2.20055,0.411088,-0.573183,1.17967
1.74058,-2.20375,0.410031,-0.57728,1.1815
1.74031,-2.20695,0.408966,-0.581383,1.18334
1.74004,-2.21015,0.407894,-0.585491,1.18518
1.73977,-2.21334,0.406814,-0.589604,1.18702
1.7395,-2.21654,0.405727,-0.593724,1.18885
1.73923,-2.21974,0.404632,-0.597849,1.19069
1.73896,-2.22293,0.40353,-0.601979,1.19253
1.73869,-2.22613,0.40242,-0.606115,1.19437
1.73842,-2.22932,0.401303,-0.610257,1.1962
1.73816,-2.23252,0.400177,-0.614404,1.19804
1.73789,-2.23571,0.399045,-0.618557,1.19988
1.73762,-2.2389,0.397904,-0.622715,1.20172
1.73736,-2.2421,0.396756,-0.626879,1.20355
1.73709,-2.24529,0.395601,-0.631049,1.20539
1.73683,-2.24848,0.394437,-0.635224,1.20723
1.73656,-2.25167,0.393266,-0.639405,1.20907
1.7363,-2.25486,0.392087,-0.643592,1.2109
1.73603,-2.25805,0.390901,-0.647784,1.21274
1.73577,-2.26124,0.389707,-0.651981,1.21458
1.73551,-2.26443,0.388505,-0.656185,1.21642
1.73524,-2.26762,0.387295,-0.660393,1.21825
1.73498,-2.27081,0.386078,-0.664608,1.22009
1.73472,-2.27399,0.384853,-0.668828,1.22193
1.73446,-2.27718,0.38362,-0.673053,1.22377
1.7342,-2.28037,0.382379,-0.677285,1.2256
1.73393,-2.28356,0.381131,-0.681521,1.22744
1.73367,-2.28674,0.379875,-0.685764,1.22928
1.73341,-2.28993,0.378611,-0.690012,1.23112
1.73315,-2.29311,0.377339,-0.694265,1.23295
1.73289,-2.2963,0.376059,-0.698524,1.23479
1.73263,-2.29948,0.374772,-0.702789,1.23663
1.73238,-2.30266,0.373477,-0.707059,1.23847
1.73212,-2.30585,0.372174,-0.711335,1.2403
1.73186,-2.30903,0.370863,-0.715617,1.24214
1.7316,-2.31221,0.369544,-0.719904,1.24398
1.73134,-2.31539,0.368217,-0.724196,1.24582
1.73109,-2.31857,0.366882,-0.728494,1.24765
1.73083,-2.32175,0.36554,-0.732798,1.24949
1.73057,-2.32493,0.364189,-0.737108,1.25133
1.73032,-2.32811,0.362831,-0.741423,1.25317
1.73006,-2.33129,0.361465,-0.745743,1.255
1.72981,-2.33447,0.36009,-0.750069,1.25684
1.72955,-2.33765,0.358708,-0.754401,1.25868
1.7293,-2.34083,0.357318,-0.758738,1.26052
1.72904,-2.34401,0.35592,-0.763081,1.26235
1.72879,-2.34718,0.354514,-0.76743,1.26419
1.72854,-2.35036,0.353099,-0.771784,1.26603
1.72828,-2.35353,0.351677,-0.776143,1.26787
1.72803,-2.35671,0.350247,-0.780508,1.2697
1.72778,-2.35988,0.348809,-0.784879,1.27154
1.72752,-2.36306,0.347363,-0.789255,1.27338
1.72727,-2.36623,0.345908,-0.793637,1.27522
1.72702,-2.36941,0.344446,-0.798025,1.27705
1.72677,-2.37258,0.342976,-0.802418,1.27889
1.72652,-2.37575,0.341497,-0.806817,1.28073
1.72627,-2.37893,0.340011,-0.811221,1.28257
1.72602,-2.3821,0.338516,-0.815631,1.2844
1.72577,-2.38527,0.337013,-0.820046,1.28624
1.72552,-2.38844,0.335502,-0.824467,1.28808
1.72527,-2.39161,0.333983,-0.828894,1.28992
1.72502,-2.39478,0.332456,-0.833326,1.29175
1.72477,-2.39795,0.330921,-0.837763,1.29359
1.72453,-2.40112,0.329377,-0.842207,1.29543
1.72428,-2.40429,0.327826,-0.846655,1.29727
1.72403,-2.40745,0.326266,-0.85111,1.2991
1.72378,-2.41062,0.324698,-0.85557,1.30094
1.72354,-2.41379,0.323122,-0.860035,1.30278
1.72329,-2.41696,0.321537,-0.864506,1.30462
1.72304,-2.42012,0.319945,-0.868983,1.30645
1.7228,-2.42329,0.318344,-0.873465,1.30829
1.72255,-2.42645,0.316735,-0.877953,1.31013
1.72231,-2.42962,0.315117,-0.882446,1.31197
1.72206,-2.43278,0.313492,-0.886945,1.3138
1.72182,-2.43595,0.311858,-0.89145,1.31564
1.72157,-2.43911,0.310216,-0.89596,1.31748
1.72133,-2.44227,0.308565,-0.900476,1.31932
1.72109,-2.44544,0.306906,-0.904997,1.32115
1.72084,-2.4486,0.305239,-0.909524,1.32299
1.7206,-2.45176,0.303564,-0.914056,1.32483
1.72036,-2.45492,0.30188,-0.918594,1.32667
1.72012,-2.45808,0.300188,-0.923137,1.3285
1.71988,-2.46124,0.298488,-0.927686,1.33034
1.71963,-2.4644,0.296779,-0.932241,1.33218
1.71939,-2.46756,0.295062,-0.936801,1.33402
1.71915,-2.47072,0.293336,-0.941367,1.33585
1.71891,-2.47388,0.291602,-0.945938,1.33769
1.71867,-2.47704,0.28986,-0.950515,1.33953
1.71843,-2.4802,0.288109,-0.955097,1.34137
1.71819,-2.48335,0.28635,-0.959685,1.3432
1.71795,-2.48651,0.284582,-0.964279,1.34504
1.71771,-2.48967,0.282806,-0.968878,1.34688
1.71747,-2.49282,0.281022,-0.973482,1.34872
1.71724,-2.49598,0.279229,-0.978093,1.35055
1.717,-2.49913,0.277427,-0.982708,1.35239
1.71676,-2.50229,0.275617,-0.98733,1.35423
1.71652,-2.50544,0.273799,-0.991957,1.35607
1.71629,-2.5086,0.271972,-0.996589,1.3579
1.71605,-2.51175,0.270136,-1.00123,1.35974
1.71581,-2.5149,0.268292,-1.00587,1.36158
1.71558,-2.51806,0.26644,-1.01052,1.36342
1.71534,-2.52121,0.264579,-1.01517,1.36525
1.71511,-2.52436,0.262709,-1.01983,1.36709
1.71487,-2.52751,0.260831,-1.0245,1.36893
1.71464,-2.53066,0.258944,-1.02917,1.37077
1.7144,-2.53381,0.257049,-1.03385,1.3726
1.71417,-2.53696,0.255145,-1.03853,1.37444
1.71393,-2.54011,0.253232,-1.04322,1.37628
1.7137,-2.54326,0.251311,-1.04791,1.37812
1.71347,-2.54641,0.249381,-1.05261,1.37995
1.71323,-2.54956,0.247443,-1.05732,1.38179
1.713,-2.55271,0.245495,-1.06203,1.38363
1.71277,-2.55585,0.24354,-1.06674,1.38547
1.71253,-2.559,0.241575,-1.07146,1.3873
1.7123,-2.56215,0.239602,-1.07619,1.38914
1.71207,-2.56529,0.23762,-1.08092,1.39098
1.71184,-2.56844,0.23563,-1.08566,1.39282
1.71161,-2.57158,0.23363,-1.0904,1.39465
1.71138,-2.57473,0.231622,-1.09515,1.39649
1.71115,-2.57787,0.229606,-1.09991,1.39833
1.71092,-2.58102,0.22758,-1.10467,1.40017
1.71069,-2.58416,0.225546,-1.10943,1.402
1.71046,-2.5873,0.223503,-1.1142,1.40384
1.71023,-2.59045,0.221451,-1.11898,1.40568
1.71,-2.59359,0.219391,-1.12376,1.40752
1.70977,-2.59673,0.217322,-1.12855,1.40935
1.70954,-2.59987,0.215244,-1.13334,1.41119
1.70932,-2.60301,0.213157,-1.13814,1.41303
1.70909,-2.60615,0.211061,-1.14295,1.41487
1.70886,-2.60929,0.208956,-1.14776,1.4167
1.70863,-2.61243,0.206843,-1.15257,1.41854
1.70841,-2.61557,0.204721,-1.15739,1.42038
1.70818,-2.61871,0.20259,-1.16222,1.42222
1.70795,-2.62185,0.20045,-1.16705,1.42405
1.70773,-2.62499,0.198301,-1.17189,1.42589
1.7075,-2.62813,0.196143,-1.17673,1.42773
1.70728,-2.63126,0.193976,-1.18158,1.42957
1.70705,-2.6344,0.191801,-1.18644,1.4314
1.70683,-2.63754,0.189616,-1.1913,1.43324
1.7066,-2.64067,0.187423,-1.19616,1.43508
1.70638,-2.64381,0.18522,-1.20103,1.43692
1.70615,-2.64694,0.183009,-1.20591,1.43875
1.70593,-2.65008,0.180788,-1.21079,1.44059
1.70571,-2.65321,0.178559,-1.21568,1.44243
1.70548,-2.65635,0.176321,-1.22057,1.44427
1.70526,-2.65948,0.174074,-1.22547,1.4461
1.70504,-2.66261,0.171817,-1.23037,1.44794
1.70481,-2.66575,0.169552,-1.23528,1.44978
1.70459,-2.66888,0.167278,-1.2402,1.45162
1.70437,-2.67201,0.164994,-1.24512,1.45345
1.70415,-2.67514,0.162702,-1.25005,1.45529
1.70393,-2.67827,0.1604,-1.25498,1.45713
1.70371,-2.68141,0.15809,-1.25992,1.45897
1.70349,-2.68454,0.15577,-1.26486,1.4608
1.70327,-2.68767,0.153442,-1.26981,1.46264
1.70305,-2.6908,0.151104,-1.27476,1.46448
1.70283,-2.69392,0.148757,-1.27972,1.46632
1.70261,-2.69705,0.146401,-1.28469,1.46815
1.70239,-2.70018,0.144036,-1.28966,1.46999
1.70217,-2.70331,0.141661,-1.29463,1.47183
1.70195,-2.70644,0.139278,-1.29961,1.47367
1.70173,-2.70956,0.136885,-1.3046,1.4755
1.70151,-2.71269,0.134483,-1.30959,1.47734
1.70129,-2.71582,0.132073,-1.31459,1.47918
1.70108,-2.71894,0.129652,-1.31959,1.48102
1.70086,-2.72207,0.127223,-1.3246,1.48285
1.70064,-2.72519,0.124784,-1.32962,1.48469
1.70042,-2.72832,0.122337,-1.33464,1.48653
1.70021,-2.73144,0.11988,-1.33966,1.48837
1.69999,-2.73457,0.117413,-1.3447,1.4902
1.69977,-2.73769,0.114938,-1.34973,1.49204
1.69956,-2.74081,0.112453,-1.35477,1.49388
1.69934,-2.74394,0.109959,-1.35982,1.49572
1.69913,-2.74706,0.107456,-1.36488,1.49755
1.69891,-2.75018,0.104943,-1.36993,1.49939
1.6987,-2.7533,0.102421,-1.375,1.50123
1.69848,-2.75642,0.0998902,-1.38007,1.50307
1.69827,-2.75954,0.0973497,-1.38514,1.5049
1.69805,-2.76266,0.0947999,-1.39023,1.50674
1.69784,-2.76578,0.0922407,-1.39531,1.50858
1.69763,-2.7689,0.0896721,-1.4004,1.51042
1.69741,-2.77202,0.0870942,-1.4055,1.51225
1.6972,-2.77514,0.0845069,-1.4106,1.51409
1.69699,-2.77826,0.0819103,-1.41571,1.51593
1.69678,-2.78138,0.0793042,-1.42083,1.51777
1.69656,-2.7845,0.0766888,-1.42595,1.5196
1.69635,-2.78761,0.0740639,-1.43107,1.52144
1.69614,-2.79073,0.0714296,-1.4362,1.52328
1.69593,-2.79385,0.0687859,-1.44134,1.52512
1.69572,-2.79696,0.0661327,-1.44648,1.52695
1.69551,-2.80008,0.0634701,-1.45163,1.52879
1.69529,-2.80319,0.060798,-1.45678,1.53063
1.69508,-2.80631,0.0581165,-1.46194,1.53247
1.69487,-2.80942,0.0554254,-1.4671,1.5343
1.69466,-2.81254,0.0527249,-1.47227,1.53614
1.69445,-2.81565,0.0500149,-1.47745,1.53798
1.69424,-2.81876,0.0472953,-1.48263,1.53982
1.69404,-2.82188,0.0445662,-1.48781,1.54165
1.69383,-2.82499,0.0418276,-1.493,1.54349
1.69362,-2.8281,0.0390795,-1.4982,1.54533
1.69341,-2.83121,0.0363218,-1.5034,1.54717
1.6932,-2.83432,0.0335545,-1.50861,1.549
1.69299,-2.83744,0.0307777,-1.51382,1.55084
1.69278,-2.84055,0.0279913,-1.51904,1.55268
1.69258,-2.84366,0.0251952,-1.52427,1.55452
1.69237,-2.84677,0.0223896,-1.5295,1.55635
1.69216,-2.84988,0.0195744,-1.53473,1.55819
1.69196,-2.85298,0.0167495,-1.53997,1.56003
1.69175,-2.85609,0.013915,-1.54522,1.56186
1.69154,-2.8592,0.0110709,-1.55047,1.5637
1.69134,-2.86231,0.00821708,-1.55573,1.56554
1.69113,-2.86542,0.00535361,-1.56099,1.56738
1.69093,-2.86852,0.00248047,-1.56626,1.56921
1.69075,-2.8712,7.00837e-10,-1.5708,1.5708
